date,price,bedrooms,bathrooms,sqft_living,sqft_lot,floors,waterfront,view,condition,sqft_above,sqft_basement,yr_built,yr_renovated,street,city,statezip,country
05-05-2014 00:00,631625.0,4,2.5,2440,6651,2.0,0,0,3,2440,0,2014,0,9288-9358 Holman Rd NW,Seattle,WA 98117,USA
20-06-2014 00:00,1234582.0,5,3.25,3240,6551,1.5,0,4,4,2500,740,1939,1989,6851 51st Ave NE,Seattle,WA 98115,USA
16-06-2014 00:00,375000.0,4,2.0,2400,6000,2.0,0,0,3,2400,0,1913,1945,9801-9999 NE 183rd St,Bothell,WA 98011,USA
18-06-2014 00:00,325000.0,3,2.75,2200,7000,1.0,0,0,4,1280,920,1977,0,16304 128th Pl SE,Renton,WA 98058,USA
27-05-2014 00:00,1050000.0,4,2.5,2920,7200,1.0,0,3,3,1470,1450,1921,2006,3438-3474 S Charles St,Seattle,WA 98144,USA
23-06-2014 00:00,335000.0,1,1.0,720,5100,1.0,0,0,3,720,0,1907,1983,7325 18th Ave NW,Seattle,WA 98117,USA
03-06-2014 00:00,430000.0,3,2.0,1360,5120,1.5,0,0,4,910,450,1924,0,4822 48th Ave SW,Seattle,WA 98116,USA
28-05-2014 00:00,1285000.0,4,2.5,3240,10800,1.0,0,0,3,2260,980,1946,0,5726 61st Ave NE,Seattle,WA 98105,USA
08-05-2014 00:00,868500.0,3,2.5,2920,3942,3.0,0,0,3,2920,0,2008,0,1012 N 42nd Pl,Renton,WA 98056,USA
28-05-2014 00:00,345000.0,2,1.0,1080,4000,1.0,0,0,3,1080,0,1940,1996,8351 Jones Ave NW,Seattle,WA 98117,USA
22-05-2014 00:00,245000.0,4,2.0,1580,8000,1.0,0,0,3,1040,540,1967,2011,2306 S 284th Pl,Federal Way,WA 98003,USA
02-07-2014 00:00,860000.0,4,1.75,1880,3720,1.5,0,0,4,1880,0,1924,0,15 Raye St,Seattle,WA 98109,USA
27-06-2014 00:00,735000.0,3,2.25,1490,1212,2.0,0,0,3,1040,450,2011,0,425 15th Ave E,Seattle,WA 98112,USA
10-07-2014 00:00,735000.0,3,2.5,2820,8159,2.0,0,0,3,2820,0,2004,2003,3243 NE Mulberry St,Issaquah,WA 98029,USA
08-05-2014 00:00,559950.0,2,2.0,1870,4950,1.0,0,0,3,1870,0,2006,0,23733 NE Salal Pl,Redmond,WA 98053,USA
02-07-2014 00:00,265050.0,2,1.5,800,2119,2.0,0,0,3,800,0,2008,0,5257 23rd Ave SW,Seattle,WA 98106,USA
25-06-2014 00:00,563500.0,3,2.5,1400,1312,3.5,0,0,3,1400,0,2007,0,3637 Phinney Ave N,Seattle,WA 98103,USA
16-06-2014 00:00,825000.0,4,2.5,2810,9800,1.0,0,0,4,1710,1100,1973,0,14312 SE 45th St,Bellevue,WA 98006,USA
23-05-2014 00:00,900000.0,3,3.5,4080,217697,1.5,0,3,3,4080,0,2000,0,37739 Auburn Enumclaw Rd SE,Auburn,WA 98092,USA
22-05-2014 00:00,300000.0,6,2.0,2040,10812,1.0,0,0,4,2040,0,1943,0,555 Index Ave NE,Renton,WA 98056,USA
03-06-2014 00:00,650000.0,5,2.75,2550,5040,1.5,0,0,5,2550,0,1902,0,1417 26th Ave,Seattle,WA 98122,USA
22-05-2014 00:00,622500.0,4,2.5,2980,8107,2.0,0,0,3,2980,0,2000,0,34823 Rhododendron Dr SE,Snoqualmie,WA 98065,USA
23-05-2014 00:00,549900.0,4,3.0,2830,213879,2.0,0,0,4,2830,0,1987,0,34422 176th Ave SE,Auburn,WA 98092,USA
16-06-2014 00:00,418000.0,4,1.5,1220,10580,1.0,0,0,3,1220,0,1965,1993,1212 168th Ave NE,Bellevue,WA 98008,USA
02-06-2014 00:00,542804.75,5,2.75,2910,36250,1.0,0,0,3,1590,1320,1977,2004,19720 SE 21st St,Sammamish,WA 98075,USA
09-07-2014 00:00,635000.0,4,2.5,3080,35430,2.0,0,0,3,3080,0,1997,0,9788-16090 NE Quail Creek Dr,Redmond,WA 98053,USA
19-05-2014 00:00,560000.0,4,1.0,1660,4690,1.5,0,0,3,1260,400,1945,2010,7353 16th Ave NW,Seattle,WA 98117,USA
29-05-2014 00:00,300000.0,2,1.0,820,3844,1.0,0,0,4,820,0,1916,0,723 N 105th St,Seattle,WA 98133,USA
03-07-2014 00:00,288000.0,3,2.5,1520,3593,2.0,0,0,3,1520,0,2004,2003,22412 SE 243rd St,Maple Valley,WA 98038,USA
12-05-2014 00:00,620000.0,3,1.5,1620,6630,1.0,0,0,3,1280,340,1954,2005,2822 NW 90th Pl,Seattle,WA 98117,USA
30-06-2014 00:00,550000.0,4,1.5,2750,128502,1.0,0,0,2,1500,1250,1958,0,18647 108th Ave SE,Renton,WA 98055,USA
22-05-2014 00:00,1050000.0,4,2.5,3030,12590,1.5,0,0,4,3030,0,1988,0,3255 111th Ave SE,Bellevue,WA 98004,USA
27-05-2014 00:00,800000.0,4,2.5,2680,7200,1.0,0,0,3,1380,1300,1952,2013,11540 NE 91st St,Kirkland,WA 98033,USA
03-07-2014 00:00,345000.0,4,2.5,2040,5523,2.0,0,0,3,2040,0,1999,0,455 S 190th St,Burien,WA 98148,USA
27-05-2014 00:00,495000.0,3,2.5,1750,1548,3.0,0,0,3,1750,0,2013,1923,3933 S Brandon St,Seattle,WA 98118,USA
09-06-2014 00:00,325000.0,3,2.0,1350,11805,1.0,0,0,3,1350,0,1986,0,14329 275th Ave NE,Duvall,WA 98019,USA
19-06-2014 00:00,437000.0,2,1.75,1440,4225,1.0,0,0,3,1440,0,2005,0,23047 NE 130th St,Redmond,WA 98053,USA
27-05-2014 00:00,730001.0,3,2.0,1840,4750,1.0,0,0,5,1010,830,1951,0,7741 29th Ave NW,Seattle,WA 98117,USA
28-05-2014 00:00,254000.0,2,1.0,1060,8187,1.0,0,0,4,1060,0,1952,0,16708 N Park Ave N,Shoreline,WA 98133,USA
17-06-2014 00:00,332000.0,3,2.5,1530,9406,1.0,0,0,3,1270,260,1993,0,4214 NE 2nd St,Renton,WA 98059,USA
02-06-2014 00:00,559900.0,3,2.75,2930,5569,1.0,0,0,3,1860,1070,2004,2003,18960 131st Pl NE,Woodinville,WA 98072,USA
29-05-2014 00:00,690000.0,4,2.5,2920,9904,2.0,0,0,4,2920,0,1990,0,25919 SE 37th Way,Issaquah,WA 98029,USA
09-05-2014 00:00,1370000.0,4,2.75,3720,9450,1.0,0,4,5,1960,1760,1962,0,13615 Somerset Ln SE,Bellevue,WA 98006,USA
18-06-2014 00:00,310000.0,4,2.5,2660,12672,1.0,0,0,4,1740,920,1960,2001,820 S 300th St,Federal Way,WA 98003,USA
18-06-2014 00:00,253779.0,4,2.0,2030,9600,1.5,0,0,3,1430,600,1947,2012,4821 S 175th St,SeaTac,WA 98188,USA
10-06-2014 00:00,700000.0,3,2.0,2080,3880,1.0,0,0,5,1160,920,1954,0,7735 27th Ave NW,Seattle,WA 98117,USA
06-05-2014 00:00,561000.0,3,2.0,2000,7000,2.0,0,0,3,2000,0,1916,1986,6422 Marshall Ave SW,Seattle,WA 98136,USA
27-05-2014 00:00,475000.0,3,2.0,1230,11502,1.0,0,0,4,1230,0,1984,0,15918 NE 113th Ct,Redmond,WA 98052,USA
04-06-2014 00:00,549000.0,4,2.25,2740,88426,2.0,0,0,3,2740,0,1991,0,14324 250th Pl SE,Issaquah,WA 98027,USA
26-06-2014 00:00,415000.0,3,1.0,1170,6700,1.0,0,0,3,1170,0,1957,2000,3510 NE 115th St,Seattle,WA 98125,USA
21-05-2014 00:00,744000.0,4,2.75,2830,13059,2.0,0,0,3,2830,0,1998,2006,26592 SE 15th St,Sammamish,WA 98075,USA
12-05-2014 00:00,410000.0,3,2.25,2200,16921,2.0,0,0,3,2200,0,1987,2000,21709 SE 255th Pl,Maple Valley,WA 98038,USA
12-06-2014 00:00,575000.0,2,1.0,1510,4032,1.5,0,0,3,1310,200,1935,1974,2002 28th Ave W,Seattle,WA 98199,USA
16-05-2014 00:00,720000.0,2,1.0,2020,7200,1.0,0,3,4,1700,320,1947,1988,10835 41st Ave SW,Seattle,WA 98146,USA
13-06-2014 00:00,590000.0,4,2.5,2010,7972,2.0,0,0,4,2010,0,1989,0,3419 241st Pl SE,Issaquah,WA 98029,USA
07-05-2014 00:00,3200000.0,7,4.5,6210,8856,2.5,0,2,5,4760,1450,1910,0,1230 Warren Ave N,Seattle,WA 98109,USA
20-06-2014 00:00,925000.0,4,2.0,3140,10437,1.0,0,0,4,2040,1100,1959,0,8211 Sedgewick Ln,Mercer Island,WA 98040,USA
26-06-2014 00:00,525000.0,4,2.75,3030,6625,2.0,0,0,3,3030,0,2011,0,4924 SE 2nd Pl,Renton,WA 98059,USA
16-05-2014 00:00,804995.0,5,1.5,3360,5402,2.0,0,0,3,3360,0,2014,0,21481 SE 2nd Pl,Sammamish,WA 98074,USA
13-06-2014 00:00,810000.0,3,1.75,1980,13503,1.0,0,2,4,1320,660,1952,0,2622 W Lake Sammamish Pkwy SE,Bellevue,WA 98008,USA
11-06-2014 00:00,881000.0,5,3.0,2510,4125,1.5,0,3,5,1590,920,1925,0,540 33rd Ave S,Seattle,WA 98144,USA
30-06-2014 00:00,170000.0,2,1.0,1200,24792,2.0,0,0,2,1200,0,1976,0,3009 W Ames Lake Dr NE,Redmond,WA 98053,USA
12-06-2014 00:00,210000.0,4,1.75,1200,7680,1.0,0,0,3,1200,0,1968,1997,32113 112th Pl SE,Auburn,WA 98092,USA
12-05-2014 00:00,1225000.0,4,2.25,3070,16028,1.0,0,3,3,1870,1200,1976,0,8434 W Mercer Way,Mercer Island,WA 98040,USA
06-05-2014 00:00,450000.0,2,2.0,1100,3000,1.5,0,0,3,1100,0,1912,2005,412 NW 70th St,Seattle,WA 98117,USA
13-05-2014 00:00,267345.0,4,2.25,2510,8165,1.0,0,0,4,1610,900,1972,0,2831 SW 327th St,Federal Way,WA 98023,USA
07-05-2014 00:00,361280.0,2,1.0,820,6400,1.0,0,0,4,820,0,1944,0,5902 37th Ave SW,Seattle,WA 98126,USA
09-06-2014 00:00,579000.0,2,2.0,1870,6275,1.0,0,0,3,1870,0,2003,0,12524 231st Ave NE,Redmond,WA 98053,USA
11-06-2014 00:00,0.0,3,2.5,2880,13500,1.0,0,4,5,1520,1360,1950,0,9243 NE 20th St,Clyde Hill,WA 98004,USA
12-06-2014 00:00,495000.0,4,2.5,2140,7245,2.0,0,0,3,2140,0,2003,0,633 N 138th St,Seattle,WA 98133,USA
14-05-2014 00:00,372220.0,3,1.0,1290,5500,1.0,0,0,3,980,310,1951,1994,4607 SW Cloverdale St,Seattle,WA 98136,USA
17-06-2014 00:00,247200.0,3,1.75,1370,8719,1.0,0,0,3,1370,0,1982,0,26303 191st Pl SE,Covington,WA 98042,USA
19-06-2014 00:00,703000.0,3,2.0,1360,5980,1.5,0,0,3,1360,0,1945,2008,4401 SW Hill St,Seattle,WA 98116,USA
22-05-2014 00:00,349900.0,4,2.5,2052,3723,2.0,0,0,3,2052,0,2014,0,35650 30th Ave S,Federal Way,WA 98003,USA
23-06-2014 00:00,350000.0,3,1.75,1660,10150,1.5,0,0,3,1660,0,1957,2000,1301 N 169th St,Shoreline,WA 98133,USA
13-05-2014 00:00,450000.0,3,2.75,1250,892,2.0,0,0,3,1040,210,2010,0,2301 California Ave SW,Seattle,WA 98116,USA
09-06-2014 00:00,546000.0,3,2.5,1530,3464,2.0,0,0,3,1530,0,1998,2006,15004 NE 8th Pl,Bellevue,WA 98007,USA
02-06-2014 00:00,653000.0,3,2.5,2290,3475,2.0,0,0,3,2290,0,2006,0,2172 NE Noble St,Issaquah,WA 98029,USA
06-05-2014 00:00,425000.0,4,2.0,1520,7983,1.0,0,0,5,1520,0,1967,0,14876 Juanita Woodinville Way NE,Inglewood-Finn Hill,WA 98034,USA
30-05-2014 00:00,196440.0,3,2.0,1560,7352,1.0,0,0,3,1560,0,1992,0,130 Main St,Algona,WA 98001,USA
05-05-2014 00:00,309950.0,4,2.75,2310,5000,2.0,0,0,3,2310,0,2006,0,22912 SE 268th Pl,Maple Valley,WA 98038,USA
24-06-2014 00:00,339000.0,4,2.0,2470,5080,1.5,0,0,3,1970,500,1948,1988,7936 10th Ave SW,Seattle,WA 98106,USA
10-06-2014 00:00,306888.0,2,1.5,1010,7719,2.0,0,0,3,1010,0,1981,2013,2314 Blaine Ave NE,Renton,WA 98056,USA
19-06-2014 00:00,720000.0,4,2.5,2440,34290,2.0,0,0,3,2440,0,1987,2000,7210 221st Ave NE,Redmond,WA 98053,USA
23-05-2014 00:00,1325000.0,4,3.0,3370,7920,1.0,0,3,3,1860,1510,1988,2000,3524 NW 67th St,Seattle,WA 98117,USA
21-05-2014 00:00,525000.0,3,1.0,1450,4000,1.0,0,1,4,950,500,1948,0,5155 54th Ave S,Seattle,WA 98118,USA
23-06-2014 00:00,405000.0,2,1.0,860,2599,1.0,0,0,4,860,0,1901,0,6301-6399 17th Ave NW,Seattle,WA 98107,USA
03-06-2014 00:00,150000.0,3,1.0,1320,8220,1.0,0,0,3,1320,0,1959,1989,1904 S 259th St,Des Moines,WA 98198,USA
01-07-2014 00:00,425000.0,3,2.5,1950,5689,2.0,0,0,3,1950,0,2009,0,9416 Templeton Ave SE,Snoqualmie,WA 98065,USA
21-05-2014 00:00,225000.0,2,1.0,1396,111949,1.0,0,0,3,1396,0,1940,1997,24841 Redmond-Fall City Rd NE,Redmond,WA 98053,USA
07-05-2014 00:00,239900.0,3,2.0,1410,7566,1.0,0,0,3,1410,0,1985,0,11907 SE 261st Pl,Kent,WA 98030,USA
13-06-2014 00:00,775000.0,4,2.0,3140,10875,1.0,0,1,3,1940,1200,1939,1969,3704 W Lawton St,Seattle,WA 98199,USA
26-06-2014 00:00,177500.0,3,1.5,1220,6000,1.0,0,0,3,1220,0,1968,1997,472-598 Lind Ave NW,Renton,WA 98057,USA
17-06-2014 00:00,458000.0,4,1.5,1550,3000,1.5,0,0,3,1350,200,1918,0,4402 4th Ave NE,Seattle,WA 98105,USA
16-05-2014 00:00,540000.0,1,1.0,1140,6700,1.5,0,0,3,1140,0,1920,1979,9055 Palatine Ave N,Seattle,WA 98103,USA
09-06-2014 00:00,649950.0,4,2.5,2350,63162,2.0,0,0,4,2350,0,1994,0,21601-21799 NE 175th St,Woodinville,WA 98077,USA
12-05-2014 00:00,870300.0,4,2.5,2350,3150,1.5,0,0,4,1690,660,1910,0,4410 Burke Ave N,Seattle,WA 98103,USA
30-05-2014 00:00,919204.0,4,3.5,3760,5000,2.0,0,0,3,2860,900,2014,0,2822 NW 74th St,Seattle,WA 98117,USA
14-05-2014 00:00,966000.0,5,4.5,3810,8019,2.0,0,0,3,3810,0,2008,0,2033 211th Pl SE,Sammamish,WA 98075,USA
04-06-2014 00:00,865000.0,3,1.75,2090,4725,2.0,0,0,3,1610,480,1947,2013,2825 W Elmore Pl,Seattle,WA 98199,USA
16-05-2014 00:00,370000.0,4,1.5,1370,9957,1.0,0,0,3,900,470,1972,2002,12054 NE 137th Ct,Kirkland,WA 98034,USA
26-06-2014 00:00,252750.0,4,1.0,1230,7410,1.5,0,0,3,1230,0,1944,0,650 SW 137th St,Burien,WA 98166,USA
30-06-2014 00:00,765000.0,5,3.0,2870,5700,1.0,0,0,3,1950,920,1964,2000,4520 Sunnyside Ave N,Seattle,WA 98103,USA
07-05-2014 00:00,339950.0,2,1.0,820,681,3.0,0,0,3,820,0,2006,0,513 N 46th St,Seattle,WA 98103,USA
07-05-2014 00:00,375000.0,3,2.5,1830,13042,2.0,0,0,3,1830,0,1990,2009,25408 Lake Wilderness Country Club Dr SE,Maple Valley,WA 98038,USA
06-05-2014 00:00,345000.0,3,1.0,1110,6250,1.0,0,0,3,1110,0,1956,2001,3230 NE 95th St,Seattle,WA 98115,USA
21-05-2014 00:00,195000.0,2,1.0,1080,3899,1.0,0,0,4,1080,0,1972,0,24807 10th Ave S,Des Moines,WA 98198,USA
13-06-2014 00:00,325000.0,3,2.5,2070,8337,2.0,0,0,3,2070,0,1997,0,26300-26398 124th Ave SE,Kent,WA 98030,USA
17-06-2014 00:00,379900.0,5,3.5,2800,7350,2.0,0,0,3,2800,0,1995,0,8430 8th Ave SW,Seattle,WA 98106,USA
03-07-2014 00:00,26590000.0,3,2.0,1180,7793,1.0,0,0,4,1180,0,1992,0,12005 SE 219th Ct,Kent,WA 98031,USA
09-05-2014 00:00,324000.0,3,2.25,998,904,2.0,0,0,3,798,200,2007,0,820 NW 95th St,Seattle,WA 98117,USA
26-06-2014 00:00,460000.0,4,2.5,2550,19017,1.0,0,0,4,1300,1250,1961,2001,19259-19499 40th Pl NE,Lake Forest Park,WA 98155,USA
19-05-2014 00:00,215000.0,2,2.25,1610,2040,2.0,0,0,4,1610,0,1979,0,2906 Kennewick Pl NE,Renton,WA 98056,USA
14-05-2014 00:00,340000.0,3,2.25,1970,3716,2.0,0,0,3,1970,0,1997,0,504 Shelton Ct NE,Renton,WA 98056,USA
20-05-2014 00:00,409316.0,3,2.5,1800,3168,2.0,0,0,3,1800,0,2014,0,7416 Better Way Loop SE,Snoqualmie,WA 98065,USA
03-06-2014 00:00,341166.6667,5,2.75,2670,3800,2.0,0,0,3,2670,0,2014,0,16301 SE 139th Ct,Renton,WA 98059,USA
15-05-2014 00:00,256883.0,3,2.5,1690,5025,2.0,0,0,3,1690,0,2003,0,833 SW 361st St,Federal Way,WA 98023,USA
19-06-2014 00:00,549000.0,4,1.75,1290,3060,2.0,0,0,4,1290,0,1906,1990,742 N 70th St,Seattle,WA 98103,USA
19-05-2014 00:00,319950.0,4,1.75,2310,8045,1.0,0,0,4,1650,660,1976,1992,16336 131st Ave SE,Renton,WA 98058,USA
16-05-2014 00:00,363750.0,3,1.75,1726,197326,2.0,0,0,4,1726,0,1982,2011,28507 Vashon Hwy SW,Vashon,WA 98070,USA
22-05-2014 00:00,305000.0,4,1.75,2200,8100,1.5,0,0,5,1400,800,1942,0,12036 23rd Ave S,Seattle,WA 98168,USA
27-06-2014 00:00,235000.0,3,1.75,1950,8712,1.0,0,0,3,1950,0,1960,2012,18201-18223 114th Ave SE,Renton,WA 98055,USA
11-06-2014 00:00,200000.0,2,1.0,700,4700,1.0,0,0,5,700,0,1953,0,751 Redmond Ave NE,Renton,WA 98056,USA
05-05-2014 00:00,220000.0,4,1.5,1240,9600,1.0,0,0,3,1240,0,1971,0,4924 SW 314th Pl,Federal Way,WA 98023,USA
17-06-2014 00:00,472000.0,3,2.5,1180,1262,3.0,0,0,3,1180,0,2010,0,2050 14th Ave W,Seattle,WA 98119,USA
02-07-2014 00:00,480000.0,5,2.5,2160,7737,2.0,0,0,3,2160,0,1998,2006,7001 Autumn Ave SE,Snoqualmie,WA 98065,USA
24-06-2014 00:00,549000.0,2,1.0,2034,13392,1.0,1,4,5,1159,875,1947,0,13013 SW Bachelor Rd,Vashon,WA 98070,USA
14-05-2014 00:00,300000.0,3,1.0,1260,8280,1.0,0,0,3,1260,0,1946,0,2559 NE 98th St,Seattle,WA 98115,USA
09-07-2014 00:00,409124.0,5,3.25,3320,11340,2.0,0,0,4,2480,840,1999,0,14014 SE 236th Pl,Kent,WA 98042,USA
01-07-2014 00:00,540000.0,4,2.5,2180,10140,1.0,0,0,4,1180,1000,1968,0,9003 172nd Ave NE,Redmond,WA 98052,USA
29-05-2014 00:00,332000.0,3,2.25,2270,8876,1.0,0,0,3,1380,890,1977,2004,3109 SE 17th Ct,Renton,WA 98058,USA
08-07-2014 00:00,370000.0,3,1.75,1570,16817,2.0,0,0,3,1570,0,1982,0,43719 SE 142nd St,North Bend,WA 98045,USA
02-06-2014 00:00,809000.0,4,1.5,1840,4337,2.0,0,0,4,1840,0,1917,0,1218 19th Ave E,Seattle,WA 98112,USA
16-06-2014 00:00,963000.0,4,3.5,3280,6603,2.0,0,0,3,3280,0,2007,0,16030 SE 45th Pl,Bellevue,WA 98006,USA
05-06-2014 00:00,466500.0,3,1.0,1430,3840,1.0,0,0,3,950,480,1945,2010,7550 19th Ave NW,Seattle,WA 98117,USA
24-06-2014 00:00,615000.0,2,1.0,1270,5000,1.0,0,0,3,1090,180,1949,1998,7407-7411 28th Ave NW,Seattle,WA 98117,USA
16-05-2014 00:00,875000.0,3,2.0,2220,6641,1.0,0,2,4,1220,1000,1947,1988,2559 24th Ave W,Seattle,WA 98199,USA
26-06-2014 00:00,289987.5,3,1.75,1570,15330,1.0,0,0,3,1080,490,1956,2001,15821 4th Ave SW,Burien,WA 98166,USA
28-05-2014 00:00,87500.0,2,1.0,780,6685,1.0,0,0,4,780,0,1948,0,311 L St SE,Auburn,WA 98002,USA
08-07-2014 00:00,292600.0,3,1.5,1520,7123,1.0,0,0,4,1520,0,1959,0,1012 Lynnwood Ave NE,Renton,WA 98056,USA
08-05-2014 00:00,245000.0,3,1.5,1260,7964,1.0,0,0,4,1260,0,1955,2009,168 S 192nd Pl,Des Moines,WA 98148,USA
19-05-2014 00:00,390000.0,4,2.5,2490,8290,2.0,0,0,3,2490,0,1999,0,30271 129th Ave SE,Auburn,WA 98092,USA
05-05-2014 00:00,800866.0,5,2.5,3180,13806,2.0,0,0,4,3180,0,1990,0,11821 NE 48th Pl,Kirkland,WA 98033,USA
05-05-2014 00:00,210000.0,5,2.0,2050,10200,1.0,0,0,3,1430,620,1956,2001,20927-20999 2nd Ave S,Des Moines,WA 98198,USA
28-05-2014 00:00,635000.0,3,2.5,2300,5500,1.5,0,0,4,2000,300,1921,0,2739 31st Ave S,Seattle,WA 98144,USA
27-05-2014 00:00,268000.0,4,2.0,1930,6600,1.0,0,0,4,1030,900,1967,0,13436 Occidental Ave S,Burien,WA 98168,USA
12-06-2014 00:00,333000.0,4,2.5,1910,9244,1.0,0,0,4,1910,0,1963,0,5811 NE 6th St,Renton,WA 98059,USA
08-07-2014 00:00,390000.0,3,1.75,1180,16552,1.0,0,0,4,1180,0,1967,0,16714 NE 158th St,Woodinville,WA 98072,USA
08-05-2014 00:00,270000.0,4,2.5,1810,6509,2.0,0,0,3,1810,0,1994,0,14816 SE 278th St,Kent,WA 98042,USA
16-06-2014 00:00,468500.0,3,2.5,1350,1186,2.0,0,0,3,1120,230,2007,0,6724 Alonzo Ave NW,Seattle,WA 98117,USA
19-06-2014 00:00,712000.0,3,2.75,3200,6699,2.0,0,0,3,3200,0,2004,2003,26008 SE 23rd Pl,Sammamish,WA 98075,USA
03-06-2014 00:00,613000.0,5,2.5,2070,12000,1.0,0,0,4,1340,730,1967,0,1813 177th Ave NE,Bellevue,WA 98008,USA
12-06-2014 00:00,448000.0,2,1.5,1630,3780,1.0,0,0,4,890,740,1940,2001,3441 NW 59th St,Seattle,WA 98107,USA
07-05-2014 00:00,245000.0,3,1.5,1260,1270,2.0,0,0,3,1040,220,2005,0,11304 Corliss Ave N,Seattle,WA 98133,USA
26-06-2014 00:00,230000.0,3,1.0,1060,9946,1.0,0,0,4,1060,0,1956,0,17736 41st Ave S,SeaTac,WA 98188,USA
25-06-2014 00:00,233000.0,3,1.0,1250,6180,1.5,0,0,3,1250,0,1955,2005,322 NE 163rd St,Shoreline,WA 98155,USA
16-06-2014 00:00,690000.0,2,1.75,1600,4000,1.0,0,0,5,850,750,1918,0,2505 E Calhoun St,Seattle,WA 98112,USA
24-06-2014 00:00,391400.0,4,1.75,1250,7400,1.0,0,0,5,1250,0,1959,0,1039 165th Pl NE,Bellevue,WA 98008,USA
12-05-2014 00:00,850000.0,4,1.75,2350,11914,1.0,0,0,4,2350,0,1961,2001,8223 SE 71st St,Mercer Island,WA 98040,USA
29-05-2014 00:00,405000.0,3,2.0,1240,14404,1.0,0,0,3,1240,0,1988,2000,6019 210th Ave NE,Redmond,WA 98053,USA
05-05-2014 00:00,541125.0,5,2.75,2740,8426,1.0,0,0,4,1370,1370,1960,2001,5211 116th Pl SE,Bellevue,WA 98006,USA
05-05-2014 00:00,560000.0,3,2.5,1900,8744,2.0,0,0,3,1900,0,1987,2000,22314 NE 11th Pl,Sammamish,WA 98074,USA
16-05-2014 00:00,725000.0,5,2.75,2830,5310,2.0,0,0,3,2830,0,2006,0,11931 179th Pl NE,Redmond,WA 98052,USA
28-05-2014 00:00,242000.0,3,1.75,1310,9645,1.0,0,0,3,1310,0,1979,2014,21860 Military Rd S,SeaTac,WA 98198,USA
10-06-2014 00:00,1230000.0,4,2.5,3040,7000,2.0,0,0,3,3040,0,2001,0,7024 SE 20th St,Mercer Island,WA 98040,USA
12-06-2014 00:00,0.0,4,1.0,2080,3500,1.5,0,0,5,1260,820,1926,0,6506 40th Ave SW,Seattle,WA 98136,USA
23-06-2014 00:00,430000.0,2,1.5,950,4625,1.0,0,0,4,950,0,1949,1985,8520 Interlake Ave N,Seattle,WA 98103,USA
09-05-2014 00:00,800000.0,4,3.25,3540,159430,2.0,0,0,3,3540,0,2007,0,33001 NE 24th St,Carnation,WA 98014,USA
02-07-2014 00:00,895000.0,4,2.25,1950,5950,1.0,0,0,3,1330,620,1947,2012,2220 5th Ave N,Seattle,WA 98109,USA
05-05-2014 00:00,2280000.0,7,8.0,13540,307752,3.0,0,4,3,9410,4130,1999,0,26408 NE 70th St,Redmond,WA 98053,USA
13-05-2014 00:00,581000.0,4,1.75,2090,8164,1.0,0,0,4,1070,1020,1963,0,7408 138th Pl NE,Redmond,WA 98052,USA
24-06-2014 00:00,425000.0,3,2.5,1930,4500,2.0,0,0,3,1930,0,1990,2009,25238 SE 35th St,Issaquah,WA 98029,USA
09-05-2014 00:00,542500.0,4,2.5,2330,14289,2.0,0,0,4,2330,0,1978,2000,2084-2104 144th Ave SE,Bellevue,WA 98007,USA
09-05-2014 00:00,490000.0,2,1.0,1840,3300,1.5,0,0,4,1130,710,1910,0,6255 4th Ave NW,Seattle,WA 98107,USA
08-07-2014 00:00,336000.0,3,2.25,2760,10160,1.0,0,0,3,2760,0,1969,2010,14213 SE 170th St,Renton,WA 98058,USA
04-07-2014 00:00,625000.0,3,1.5,1300,7200,1.0,0,0,5,1300,0,1960,0,619 9th Ave,Kirkland,WA 98033,USA
17-06-2014 00:00,255000.0,3,1.75,1700,7532,1.0,0,0,3,1700,0,1987,2000,27456-27498 124th Ave SE,Kent,WA 98030,USA
18-06-2014 00:00,450000.0,3,1.75,1180,4080,1.0,0,0,4,760,420,1928,0,7341 27th Ave NW,Seattle,WA 98117,USA
22-05-2014 00:00,555000.0,4,2.25,2350,8140,1.0,0,0,4,1430,920,1977,0,15800 SE 50th St,Bellevue,WA 98006,USA
02-06-2014 00:00,610000.0,5,2.5,3990,3839,1.0,0,0,4,1990,2000,1962,0,431 26th Ave E,Seattle,WA 98112,USA
06-05-2014 00:00,675000.0,2,1.0,930,36478,1.0,0,2,3,930,0,1951,1994,4206 SE Newport Way,Bellevue,WA 98006,USA
07-05-2014 00:00,640000.0,3,3.0,2270,5175,2.0,0,0,3,2130,140,2002,0,1200 N 27th Pl,Renton,WA 98056,USA
24-06-2014 00:00,880000.0,4,2.5,3030,3841,3.0,0,0,3,3030,0,2005,0,6709 9th Ave NW,Seattle,WA 98117,USA
19-06-2014 00:00,1325000.0,4,2.5,2440,3600,2.5,0,0,4,2440,0,1902,0,400 W Highland Dr,Seattle,WA 98119,USA
01-07-2014 00:00,300000.0,4,2.5,2303,3826,2.0,0,0,3,2303,0,2006,0,13328 SE 308 Ct,Auburn,WA 98092,USA
04-06-2014 00:00,375000.0,2,1.0,820,6250,1.0,0,0,4,820,0,1922,0,6018 41st Ave SW,Seattle,WA 98136,USA
22-05-2014 00:00,235750.0,2,1.0,740,11250,1.0,0,0,2,740,0,1938,0,11050 24th Pl SW,Seattle,WA 98146,USA
24-06-2014 00:00,845000.0,3,2.0,2540,4750,1.5,0,0,5,1840,700,1930,0,7524 34th Ave NW,Seattle,WA 98117,USA
01-07-2014 00:00,485000.0,4,1.75,1430,4096,2.0,0,0,3,1430,0,1900,2005,216 20th Ave,Seattle,WA 98122,USA
29-05-2014 00:00,405000.0,5,1.75,1880,10000,1.0,0,0,3,960,920,1963,2008,10414 NE 131st St,Kirkland,WA 98034,USA
23-06-2014 00:00,385000.0,3,3.25,1630,1677,3.0,0,0,3,1630,0,2007,0,353 N 105th St,Seattle,WA 98133,USA
23-06-2014 00:00,459950.0,4,2.5,2000,6107,2.0,0,0,3,2000,0,2003,0,8928 NE 176th St,Bothell,WA 98011,USA
24-06-2014 00:00,348500.0,3,1.5,1360,10726,1.0,0,0,4,1360,0,1966,0,12019 156th Ave SE,Renton,WA 98059,USA
27-06-2014 00:00,140000.0,3,1.0,1060,7473,1.0,0,0,3,1060,0,1959,1989,25826 19th Ave S,Des Moines,WA 98198,USA
06-06-2014 00:00,471000.0,3,2.5,2030,2805,2.0,0,0,3,1720,310,2001,0,23 Sunset Ct NW,Issaquah,WA 98027,USA
09-05-2014 00:00,511555.0,3,2.0,1400,7293,1.0,0,0,4,1400,0,1963,0,2655 166th Ave SE,Bellevue,WA 98008,USA
07-05-2014 00:00,575000.0,4,2.0,1650,5000,1.0,0,0,3,1650,0,1955,2005,6708 14th Ave NW,Seattle,WA 98117,USA
16-06-2014 00:00,340000.0,3,2.5,1212,1174,3.0,0,0,3,1212,0,2004,2003,11716 16th Ave NE,Seattle,WA 98125,USA
08-07-2014 00:00,380680.5556,4,2.5,2620,8331,2.0,0,0,3,2620,0,1991,0,13602 SE 186th Pl,Renton,WA 98058,USA
26-06-2014 00:00,235000.0,5,2.5,2500,9583,1.0,0,0,3,1300,1200,1979,2014,1630 S 231st Pl,Des Moines,WA 98198,USA
